prompt	context	response	comment	label	explanation
Convert the tips about seeing bears in residential areas of Florida into a FAQ document.	For more information on bears, visit MyFWC.com/Bear.	"Q: Why should you not feed or approach bears in Florida?
A: Feeding bears leads them to lose their natural fear of people. It's also illegal in Florida to leave out garbage or food because it can attract bears. Bears are also dangerous and getting close to them is a big safety concern.

Q: How should you secure your food and garbage?
A: You can store garbage in a sturdy garage or shed or secure it in a bear-resistant dumpster. In addition, you can modify your existing garbage set-up so that it's more bear-resistant. You should also try to put your garbage out the morning of pickup instead of the night before. 

Q: I have fruit trees. How should I keep the bears from trying to eat the fruits?
A: Make sure to pick ripe fruit from trees or bushes and regularly remove any that have fallen to the ground.

Q: How do you protect your gardens, beehives, compost, and livestock?
A: You can protect these areas of your home with electric fencing.

Q: Should I remove my wildlife and bird feeders?
A: Yes you should. If you wish to keep these feeders up, only put out enough food for wildlife to finish eating before nightfall. You can also modify them to make your feeders bear-resistant.

Q: Is it okay to leave pet food outside?
A: If bears have been spotted in the area, do not leave pet food outdoors. It's okay for short periods of time but be sure to bring any leftover food and dishes in after every feeding. 

Q: Can I leave my grill outside?
A: You should always clean and degrease smokers and grills after each use and if it's possible, store them in a sturdy garage or shed.

Q: What should I do if I see any bear activity on my property?
A: If you spot bear activity on your property, alert your neighbors promptly and share your knowledge about how to avoid conflicts with bears. You may also suggest that your local government or HOA's institute ordinances that require trash to be safely secured.

Q: Where can I go for more information on bears?
A: For more information on bears, you can visit the following website: MyFWC.com/Bear

Q: If I see someone harming a bear, what should I do?
A: To report animal abuse, or if you spot someone intentionally feeding them, you may call the FWC’s Wildlife Alert Hotline at 888-404-FWCC (3922)."			
Rewrite the main points of paragraphs above in a bulleted list	"Impostor phenomenon is prevalent across racial, social and gender groups but can impact men a bit differently. While various studies show that the phenomenon is more prevalent among women, some research shows that men with impostor feelings have more anxiety when they get negative feedback and exert less effort. Andrea Salazar-Nuñez, a licensed psychologist at the University of Washington in Seattle, says men often don't realize that what they are experiencing is the impostor phenomenon. She says, ""They just right away internalize that 'there must be something wrong with me.' """	"- In 1978, as graduate students, Suzanne Imes and Pauline Rose Clance realized they both felt like they weren't good enough to be doing their graduate studies, and many of the female students they were teaching felt the exact same way.

-""We actually coined the term impostor phenomenon,"" says Imes, a psychologist

- It's a sense among many high-achieving people ""that they're not as intelligent, as bright, as creative, as able as other people think they are. And they live in a constant fear that somebody is going to find that out,"" she says.

- Andrea Salazar-Nuñez, a licensed psychologist at the University of Washington in Seattle, says men often don't realize that what they are experiencing is the impostor phenomenon."			
Rewrite this as a website q&a	Some heat is lost from the pipes as the water flows around the system, but this is kept to a minimum by the pipes being very narrow as well as the speed at which the water travels. A well-designed system may have several short circuits radiating from the pump, rather than one large one, to make sure that the last radiator on each circuit heats up just as efficiently as the first.	"Q: How can I fix issues with my radiators?

A: Before turning on your heating system, it's crucial to ensure that your radiators are functioning optimally. During colder months, you want your entire property to warm up quickly and stay that way. By knowing how to address minor problems yourself, you can maintain a warm home without the need to hire an engineer and incur unnecessary costs.

While installation of a central heating system requires a qualified professional, maintaining it is relatively simple, with most tasks being quick to complete. We'll guide you through troubleshooting common radiator issues, such as noise or insufficient heat, and teach you essential skills like bleeding your radiator.

Q: How does a radiator work?
Understanding how a radiator works is key. In a wet central heating system, a boiler heats water, which is then circulated through a network of pipes to radiators throughout the house. Each radiator is equipped with valves that control the water flow, determining the amount of time the water spends in the radiator and the heat emitted. After leaving the radiator, the water returns to the boiler for reheating.

While some heat is lost as water flows through the pipes, the efficient design minimizes this loss. Narrow pipes and multiple short circuits radiating from the pump ensure that each radiator heats up as efficiently as the first one.

By following our guidance, you'll be able to troubleshoot common radiator problems, such as bleeding air from the system or addressing issues with valves and thermostats. However, should the problem persist or if you're uncertain about any aspect, it's advisable to seek professional assistance. Their expertise will ensure accurate diagnosis and effective solutions, preventing further complications.

Remember, regular maintenance and timely intervention are essential for optimal radiator performance, keeping your home warm and cozy throughout the heating season."			
